species,case_count,mean_build_quality,mean_complete_quality,mean_allowed_feeds,min_complete_quality,max_complete_quality,mean_build_cost,mean_total_runtime
cattle,14,84.04121132299979,86.16732682329038,1155.357142857143,82.84970806816418,99.70120785760025,238.43469201450768,0.9005701142857143
poultry,4,77.2262136789213,81.42366840416211,1149.5,79.87368849197445,82.63875895888442,4.500810447032213,0.24104674999999998
swine,5,85.66240642483521,84.67230755498088,1175.4,68.89573610271519,98.78970324549041,87.89204797441487,0.23625749999999995
